0.305909397997382,0.918258008995137,-0.517205887612349
0.850779322472871,-0.899778216754074,0.07353804712573
0.834543760292628,-0.069759051647477,-0.758053871595062
0.587497003786113,0.15168823068462,-0.782171247177378
-0.440468515896262,-0.351589893412471,0.119154665878661
-0.499003098496493,-0.584559806561626,0.162351475959476
0.957921073714067,0.847840418371291,-0.050299625098372
0.56606320723084,0.184338511477553,-0.72330851156362
0.172694029913666,0.720214362500853,-0.566929229841345
0.236150431687842,0.697195838574903,-0.449693229826296
0.271599125444694,1.22889951941869,0.986674974355735
0.125769389842774,-0.667362897978954,-0.477782950309533
-0.543115564895515,-0.571557844655983,0.112147015811356
-0.487978489204983,0.350552644524013,-0.60076600519253
-0.614218080733375,-0.527512408185962,0.127242221425824
0.1262416655198,-0.5485068931664,-0.534315234017174
0.509070819536133,0.584129299265528,0.849300629516276
0.26818548375696,0.697832735972399,-0.567549648040026
0.297876911248245,0.741688766130914,-0.589738955139116
0.119789146089097,0.841491134857967,-0.795588242432592
-0.534467095996526,0.312913209563216,0.77747521463699
-0.522469711133754,-0.567127390882744,0.142497549394288
0.197281333698843,-0.556297099989481,-0.467015619950108
0.176404437385053,-0.613302025612326,-0.456265051988558
0.166845457620676,-0.603618450115768,-0.441840040509708
0.164238160655147,-0.616989725594636,-0.565616223398031
-0.699913755029712,0.435503385965333,0.265085079591332
0.645899509468241,-0.466697102107963,0.333547747288412
0.717195018102117,-0.106194476296649,0.196149470552201
-0.010192238378211,0.944713463866598,-0.131050556222686
0.373475502496658,-0.546555912390743,-0.351347700424808
0.189647071594408,-0.668678499776877,-0.496386129454288
-0.564158780647515,-0.343442272839481,0.324354401472826
0.134420360473321,1.188567273458,0.876320399075226
-0.669556762400095,0.203495051669389,-0.514478575646072
-0.550367977779408,0.164533237195179,-0.541206717585289
-0.499971661326038,0.470003935828666,0.223796158475655
0.828415315927378,-0.455056515021924,-0.066575666141979
0.151967906016708,-0.711124973014788,-0.40479358170202
-0.782743342058862,0.758521169461551,0.093096653576706
-0.523047782090512,0.789889424053294,0.044689363291371
0.603830061476509,0.914680731003396,0.532615768595821
0.854981370784761,0.105903708939596,0.670363059621532
0.757245086950495,0.068088284333415,0.862409197921785
0.196589065173799,-0.471520366395171,0.709114563089158
-0.555532150134329,0.270115133458905,0.566060907948933
0.89723152659812,0.220682236396184,0.929134755853695
0.144051025277874,0.859417198627955,-0.680663923591261
0.855866212331775,0.8904808651235,0.061899065744184
1.18368352342066,1.00586419206341,0.286840376371729
0.17452828676591,-0.544172455249141,-0.451905242511578
-0.628547579636013,0.016962793199941,-0.367728586752064
0.267165249739485,-0.76678252318409,-0.469212763159401
-0.297347809326827,0.423351322304711,-0.690855327484179
-0.620273293050023,0.032810359191454,-0.614333815175743
0.230143361039224,0.694977648620579,-0.529409459139676
0.420916262113926,1.01806364493649,-0.814178292570892
0.677785584389384,1.04113679586683,-0.142740109596956
0.214070142926634,0.570973057009465,-0.611951806217117
0.837382569605898,0.94385210261165,0.003441726368036
0.582005283408238,0.626576641753998,1.19808693232011
0.506859540326225,-0.378212190186228,0.799190385405781
0.025252089767034,-0.609715975232567,0.735234180695774
-0.686763257235027,-0.003148882128077,0.766909839984787
-0.504142823149823,0.060021184618771,0.580334507365743
-0.558733399822286,-0.586726788357701,0.126933916568844
0.858705353720258,-0.031353257458783,-0.666504080208672
0.793030929853438,0.051277093164224,0.904196076173325
0.831841175155102,0.046268000276711,0.79247831347355
0.802722960762097,0.268773909983677,0.899603568158566
0.625405785928921,-0.59909490663365,0.216739590234468
1.05293166434971,-0.5159404781851,0.32235904895953
-0.397567507660386,-0.473676754989983,0.273511072502736
-0.730813425063327,0.139348981076161,0.621102338792004
-0.728030858726502,0.123102554389885,0.600240060657989
-0.669580002892162,-0.463691236412349,-0.171223737456498
-0.498904261232168,0.188957622237425,-0.662633576993549
-0.618590270939037,0.527155396905433,0.604206407042501
-0.483849564762822,0.135217309525163,-0.539055642206757
-0.633547683434198,0.165985222355255,0.932197490593653
-0.516502008192734,0.523706769570807,0.167823072945607
-0.725062980245934,0.672724460369469,0.118770678443651
-0.632928111833559,0.627711168976644,0.164326802453432
-0.603480539839606,0.594542792446396,0.062862936712897
0.676462964066262,-0.484879181295769,0.354628929600621
0.98209648983471,-0.617435169467203,0.62950688210307
0.524372504360264,-0.588591756156875,0.223457996358802
-0.331759105052018,-0.500687782688692,-0.53349806334198
-0.579074067145852,-0.551586771347305,0.194987128191123
0.112981850709407,0.502382203226093,-0.550410881607832
1.05772917830317,0.574287105359433,-0.023193994791545
-0.476312300672227,-0.410410232698772,-0.331603434899802
0.137429780917333,0.754655989971833,-0.601188573405254
-0.518993784397278,0.318648456577384,-0.128190274597547
-0.570021101850138,0.266227400475142,-0.387313559340039
0.748385597052215,0.923216062266162,0.336946828617457
0.056039167982859,0.725715278404638,-0.594470100105139
0.951783862961316,0.940186132369819,0.313345918797251
0.787314519713742,0.239041911346913,-0.657132636655377
-0.574924901945142,-0.671027805840487,-0.049318534233193
0.5217123208447,-0.696598856839464,0.219361320488134
0.835697665882685,0.270904893840739,0.477019921596454
0.952298041459471,-0.509631776337045,0.353865008660306
0.051584005634247,0.939841408808351,0.994364569816237
0.222925793647996,0.884455146812194,0.677432572633708
-0.271988790247685,0.760892947904864,-0.013232647658029
1.1346326854923,0.953091065273926,0.351962965924456
0.335569026684085,-0.471000925485378,-0.671695685665314
0.516488964245706,0.68796161251111,0.167624702823473
0.838154937573239,0.065960793788329,-0.742531934034109
0.789135658549679,0.146402504864854,-0.839356890506827
0.915991578119776,0.426171043203061,-0.611253590803936
0.348541351117114,0.739016628616162,-0.315099462121172
0.141871039156759,-0.764343668114313,0.629451274057203
0.850324561556259,0.56918388781215,0.157164470981591
0.74062087538332,0.738732867180553,0.944847601762458
0.096330058520321,0.796972019785161,0.931691156751342
0.046809343089029,-0.382452973678823,0.70263360416071
0.682581959039274,0.107594568964615,-0.729612961487197
0.779794356049717,0.041175128600647,-0.708807846356867
0.861408391404225,0.095763202093545,-0.836376830585188
-0.428013864244268,0.287892197531952,0.682832003400381
-0.54392629132389,0.114477968520583,-0.658151574173186
1.10475232127288,0.319465859689343,0.906903224721654
0.237410757537583,0.617136027922619,0.720492942575453
-0.696604050372263,0.387203102803409,1.06975204745928
0.910605513047608,0.319563006374375,0.745159765313204
0.890406630597319,-0.369934763114906,0.621954488774151
0.323503598538495,0.908646828706208,0.026878729102086
0.208761398307868,-0.597306713352155,-0.404073649892548
0.117576388471715,0.868997807222515,-0.690572171187683
-0.503737504144375,-0.54165059923683,0.121685268433996
0.240222603794127,0.971880261990474,0.890133938505503
0.218482215674654,0.96922195219045,0.813674929217737
0.979561199135862,-0.007707569867174,0.848711216150241
0.122822008717299,0.526235715400351,-0.495035333826098
-0.297828430127719,0.754028130740985,-0.818645767170482
-0.321591153693394,0.598552564931189,0.709785979900377
0.410033943042504,0.842659244825658,0.806392163291173
1.08056597995163,0.197584037801633,0.952435607470692
-0.552319441414754,0.66563849177596,0.339217609218951
-0.573883320144472,0.866658272363722,0.268109255831714
-0.09036762961934,0.72895809830584,0.589196398655993
-0.497236617097717,0.840118558517466,0.349320925323702
0.803935010378784,0.531349160162881,0.371881576434267
0.902493624531285,-0.742028102463264,0.285483269729663
-0.604962677896199,-0.640876707415429,0.546935592854296
-0.503433575090258,-0.473982270284877,0.487370313615887
-0.737444397644567,0.70574637168028,0.117810381323003
-0.631213294498411,0.286370931522374,-0.23038766953221
0.245692478336787,0.747112657046396,0.769537244225653
0.53494622861872,-0.496960920779366,0.805119388492298
0.831660929778358,0.131918372095664,0.836122776075078
-0.560556874337716,0.682973049102822,-0.032652620764667
0.883242950104836,0.329169651787008,-0.709943806637659
-0.605407173313613,-0.578361700734457,0.055540100483246
0.921752129672214,0.933468463847013,0.362995826665862
1.08734773129139,0.012587469998128,1.01284777703482
-0.50827616203843,0.157536747335542,-0.529101872133123
-0.488916176707227,0.227526481934049,0.659244593242612
-0.577057920573645,0.823521901391973,0.290820726206327
-0.512168358211765,-0.092502437864522,-0.596257229775474
1.07972950123392,0.041012402433717,1.11461235745567
0.248743991786204,0.92695759880805,-0.638632183215851
-0.510596061272429,-0.682339966894991,-0.020997511703292
0.74146714928083,-0.859564666494231,-0.06848484633495
-0.016460688021874,0.95151820227589,-0.732219407012847
-0.455527283699425,-0.293851377074119,0.024555411040074
-0.659262984442595,0.175163969683678,-0.542121044212259
-0.609611490694472,0.326660547865225,-0.498149042158992
0.335487294502838,-0.54524726686255,0.898133685334854
-0.631855139647668,0.149953990634277,0.753435338842259
-0.596094188223887,0.302143135663047,0.764860336679941
0.530744826637662,0.698462265201716,0.20426188513539
-0.051291979755284,-0.482862623337761,-0.653446641515163
-0.32086325151373,0.25832504198737,-0.641560403010461
0.820614133462681,0.350006682601736,0.822297888964627
0.743864409239907,-0.756303815180083,0.015065681331356
-0.436583740238664,0.332094184379224,1.00254532081449
0.232539399452746,0.589802659883092,-0.517099208354304
0.722751517803872,0.183210851791156,1.10222277235159
0.332135990778829,-0.514643594307773,0.737731431872135
0.058010617881476,-0.075447622894741,1.01778210956169
-0.681143319264944,0.619856646941358,0.118690462534426
-0.404713402294775,0.794957085282351,-0.061542351585157
0.081037890594651,1.0213854503776,0.890074534847811
-0.652798310980574,0.192643260727279,-0.46975897325621
-0.537440486442998,0.192547613026198,-0.453232898997647
-0.545493699023963,-0.483169326657407,-0.45098389137851
-0.09170670378213,-0.534389544377596,0.459221132007316
0.960188013772725,0.230353015594633,-0.70192811098749
0.758387714022797,0.276978479373337,-0.437499007192667
-0.602438411991053,0.2745277821579,-0.446246439534231
-0.566380878784118,0.020398068784124,-0.583844816373641
-0.549675696362966,0.101751216195338,-0.515549166045179
-0.074511988266229,-0.827141839191723,0.992540170970607
-0.670945518967286,0.864168359049613,0.143563481352779
-0.505256207277674,0.680901427729549,0.436752955153663
0.381686701777403,-0.515000878837111,0.759071804026318
0.534597785860132,-0.535183481219822,0.310903479872165
0.729823492367239,-0.762541447193469,-0.110698898357677
0.286923543025511,-0.664007603493282,-0.376750091963456
0.036863985692063,-0.601579648127554,0.679236495025434
0.219579517561411,-0.584304179745087,0.457781228298613
0.58044525645335,-0.466336988620753,-0.595358837482731
0.680718571211795,0.243563378378985,-0.546457185047617
1.09026315299953,0.411221344374284,0.860332684460694
0.72525633474878,0.129278067155455,0.8177881476349
0.690691056040492,0.238172579540494,-0.555330789961746
0.978811313258579,0.426531097788895,-0.775578161792843
0.931150696195525,0.44033023683398,-0.59397607770285
-0.63821571773919,-0.538436013258605,0.272956593495484
-0.613428243587366,-0.124835648376613,0.752215901016222
-0.511326788513406,0.134593648093288,-0.496696613485343
-0.457433925308464,0.230520728677021,-0.369325140618182
0.142906200961418,0.64135868428142,0.887641676246528
0.703829440184001,1.18473553534927,-0.615810233789084
0.156754851327766,0.77434350967754,0.673703391797734
1.07152797267598,-0.467000847938656,0.765584098475713
0.531422348931384,0.740066488846871,0.062598162478102
-0.57724476639548,0.007304625309447,-0.621642888714814
-0.372702185065168,0.528955469841717,-0.696200603624111
0.280203041448981,0.809772758103635,0.759549875872124
0.929876265204063,0.84762369869103,0.121477497654933
0.613708477582023,0.963263172929471,0.301471838782907
0.003375479653932,-0.462432146520788,0.561591208607248
0.827065610797208,-0.539728857891696,0.156616264559621
0.673832301526826,0.194362305021637,-0.679477117020759
0.193986618581205,1.06586800973409,0.875685984833757
0.511934615094305,-0.446694456666132,0.775634276947297
0.165287971386695,-0.557034074153485,-0.687919647570596
-0.520082920622504,-0.429403423848846,0.69134153275147
-0.700216842266688,0.157240983609462,0.649856828575414
0.962906206130651,0.215701494280313,0.890960748217292
0.94593877462722,-0.745116699602134,0.300928337343296
0.082628316490614,0.933192135770737,1.05506255919225
0.250659947570645,0.841437843542537,1.06408654491729
0.298631047654473,1.00304611289106,0.93522754661947
0.129700696593275,0.568774143466967,-0.796397660548077
0.191906895015347,-0.437690122794248,-0.541772458338928
0.162161069506798,-0.395447728490288,-0.720517578573186
-0.578018062081483,0.05727497408785,-0.623747018890329
-0.579376644289003,-0.447322888499253,0.203123508019826
-0.474546604447468,0.907956614955769,0.502473945884806
-0.003527248084574,0.595456650139522,0.724569189978647
0.749518862700841,0.111437030437548,-0.564601788423457
1.02685420659527,0.042324890670029,-0.166455710795801
0.5614174454138,0.15503053023005,-0.501034744490492
1.15316325963145,-0.195925171229969,-0.95713584750674
0.829149406715918,-0.00722070692392,-0.654600893601913
-0.60681900958161,0.300300101680697,0.88955450660775
1.22741216024045,0.773456374518249,0.40108707642933
-0.457375978433007,0.338463236087283,-0.473811124254855
-0.610975619464028,1.00930919312503,0.442161625160245
0.961579453213151,0.058334946855917,0.981060604334697
0.261284622264731,-0.464921117942293,-0.728626798014066
-0.483610726972646,0.153167420667724,-0.488073579904944
-0.568942605604078,0.608576930978275,0.26244555074707
0.955976549070339,0.790903439976863,-0.104904058432702
0.755725431405362,-0.529080880833428,0.47202155543653
0.754307761501756,-0.57685280985839,0.969928002784589
0.103995568822808,0.905254082863548,0.980921906024748
0.303413825472936,0.748506020885134,0.889725897070555
-0.556097438480845,-0.601271934381499,0.063417851136126
-0.484629501291856,-0.648951642855649,0.050124396530884
0.825713179020709,1.06609126285101,0.291332777048113
0.865222344094893,0.261323355529234,0.453540940315941
1.14106933958279,0.370989352053377,0.901626509445979
0.274311882523135,0.889253756545472,-0.573257009530418
-0.539981755086527,0.463163281999878,0.916764100468712
-0.498691448512649,-0.055368867119471,0.757059294218318
0.167270302163958,-0.721242037820269,0.812807795717423
-0.047865866491152,0.999187290337683,0.954896988317661
0.658876203032755,0.976787003358446,0.29200197418778
-0.565483632454075,0.541072519031279,0.130069927658387
-0.596202944082438,0.574794355997095,0.110845556565038
-0.788006588754472,0.348284135197978,-0.082802345966487
0.992443225927247,0.935267780315171,0.042597710539823
0.151460114702288,0.604356295099402,-0.539648830885598
-0.08123871372784,0.868008591078283,-0.5206503108178
0.693466591590121,0.137594240745768,0.786378895404298
-0.058737140637759,-0.299017815938964,0.665072697180979
-0.403018483088831,-0.551958870329409,0.726197303518267
0.826852037249232,1.13256518043391,0.336300584655245
0.290582888090749,0.051575162828526,1.01412801359411
-0.474052446365828,0.303716707682279,0.635502249423979
0.161459532997694,0.692802721523305,-0.679757751741159
0.886385401466056,0.955228758955441,0.007274025211163
-0.686048760995406,0.041462946214656,0.656019862340933
0.11164707557771,0.558558873150443,0.904332427285717
0.123826373707496,-0.686471596107901,0.663412022180327
0.185720656037143,-0.682893984131053,0.576501499533037
-0.000134218631035,-0.807756094237499,0.875407386432665
0.35792090153111,0.901220250966461,0.166602294331931
-0.566228806027686,0.332416587095695,0.875497754526767
0.183950310518465,-0.47680109388813,-0.542253338169583
1.2252598026681,0.326611884921367,1.10160267115299
0.804273944854342,0.152874380035502,0.730076669408901
1.08171854431405,0.245630050873917,1.0152984011641
0.431516000705988,0.564002347903776,0.812645687101993
-0.058808911149856,0.744644591645147,-0.537240156849488
-0.016339395611863,0.864145101893177,-0.806021553984954
-0.826258818667721,0.194392973659679,0.694478202173821
-0.754862444212283,0.015889621861184,0.732110394509025
-0.52014922638216,-0.224027783101504,0.146996394009996
0.987909383604216,0.834558432131811,0.716775878364581
0.053226850578598,-0.255247165399642,-0.488804640675233
0.167179019548948,-0.515969653943251,-0.69047357839657
0.441502302217661,-0.758500434728663,1.01246563045186
0.796774498536664,0.312496037541236,-0.605347483229192
-0.621690412185859,0.185269878652011,0.603190804599343
-0.647568796467811,0.039432115992132,0.675901351440977
-0.495913686097606,0.754547169431007,0.173939053960447
1.00662043969682,0.952753728628779,0.430742243690536
0.788117704528739,0.834827346246255,-0.094698191067234
0.693825880092697,0.579487935428307,0.495082968866558
-0.561154787422598,-0.566304697094047,0.052905063636109
-0.706888449335866,0.830686756362576,0.098966130456061
0.817137914215687,0.106468627023195,0.757935208028442
-0.456331966422732,-0.649241513762711,-0.054401317720493
-0.180126933055285,0.154283482031898,-0.81818472120917
0.657665357745339,0.274878207033911,-0.594632696717606
-0.510201940906126,-0.562676638554602,0.136084141742189
-0.654371444699651,0.503749894869431,1.04160649964159
-0.591014805475117,0.26500969141067,0.820100717211578
0.251342898137162,-0.533503283906736,0.639027735041805
0.308754606770387,0.794350196636002,-0.554996496787387
0.236719505871939,0.651838482899486,-0.400513376908271
0.0897814746434,0.348100608493964,1.13703340080809
0.450171430290043,-0.775014045885443,0.84576981828956
0.13791022334894,0.813559020528717,0.693137491685652
0.332711766707674,0.850929472461849,1.14178373914446
0.086272806310424,0.98271293080559,-0.733469059477736
0.099936014372682,-0.493490851449632,0.609655085291489
0.908630094077317,0.6300859824151,0.943336851210048
-0.721859493262742,0.771011227923441,-0.018609665866327
-0.724528500836559,0.779114193398856,-0.016085833550171
-0.614318453143962,0.628919538362247,0.105466484198141
-0.569457964764394,0.578483974145913,0.110387683988337
-0.641713585386571,0.74614586169912,-0.077756186174546
0.272620128567423,0.736660647513244,0.634557555726425
-0.48417109989602,-0.459117580343758,0.639999134153632
1.14200627691508,0.964588424219047,0.218396952042309
0.459266533918577,-0.587889203548904,0.87810326908026
1.34057912758102,0.29089544763141,1.19566529574171
-0.659316950813988,0.119026458633565,0.659350640623652
-0.682654346401531,0.19273415260702,0.581188239331133
-0.702625403546358,0.085382161222927,0.780613433854997
0.508859625039385,0.801303346406757,0.753377303668176
0.1185639779631,0.903323147546186,1.05099765881312
-0.587556652519894,0.878439442520201,0.198969908257508
-0.595785760543907,0.807139219745503,-0.497125082757194
-0.390945847811567,0.704327756188399,0.326554656703498
-0.670279691254472,0.858151436837404,0.185009634605424
-0.498975062641341,0.776051243007687,0.289144949295261
0.896352649521633,-0.014962282404664,1.11750388251062
0.65734158251522,0.631781357015909,0.299727195385852
-0.587752911522293,0.634039259543462,0.199732546614891
-0.456487764320839,0.237428999190052,-0.63056523118462
0.806850352328626,-0.043285065897454,-0.602030277063534
0.976344018043898,0.867852072661932,-0.543726551071325
0.417525726233095,1.06343312928364,-0.681945207310956
0.624057635514721,0.796674465657803,0.240408747728919
-0.255707120794968,-0.525316852717769,-0.31084140295129
-0.223386389503131,-0.801808323188357,0.610147590013402
0.806324878265081,0.446372196518783,0.822833262169873
0.12031829060333,0.748541977723985,-0.352423013645847
0.408554457544829,0.744926171130497,-0.664122707400026
0.714995613505359,0.208167187684904,0.462117818364155
0.917345155022184,0.265042455053851,0.78975552562279
0.604431207574949,0.32859749085246,0.712063908143884
0.699671500587022,0.231153593664866,-0.583323402133897
0.88378254895135,0.703991252747521,0.048377318084847
-0.65323776158549,0.794342809375768,0.282982383100902
1.24653483805354,0.981900588943514,0.596444780972014
-0.408434370776498,0.277154863407881,0.714619666285529
0.619349919730781,1.33767768054203,0.829818546040091
-0.179658078184327,0.616356809527127,0.75130552310527
0.993808213999661,1.14625794159849,0.254899806574596
-0.581389189115066,0.531908899657049,0.91015612733274
1.10130143619134,0.972364458282971,0.258373511248758
0.608867400048272,0.230686356441249,-0.379841370936017
-0.484388814915032,0.817648703629684,0.236842214157092
0.390370767952413,-0.80031839324012,1.03213812858951
0.195623052576772,0.706040882770393,0.919265642083949
-0.56925332672059,0.240376625162208,0.850757549828233
-0.597017910313439,-0.354917475018254,0.546594104375355
0.741301512560912,0.23031150093952,0.930746940493859
-0.465766982527261,0.834681519721536,0.233415871867215
0.582259091097352,0.915100473383069,0.256304851631131
-0.542245477916438,0.482188223213825,0.788839762278841
-0.567870483912178,0.208249180725037,0.739411120771451
-0.492359253833875,0.31299866816843,0.765950738306404
0.03535878550904,0.836642729592278,0.889210359516602
-0.318781426279526,-0.476123350306777,0.596470090353808
0.109646574400452,0.945940831983319,0.135260093731089
-0.682075109541201,0.77291364051056,0.095634502908233
-0.801011422343693,0.811420832583299,-0.004229796758152
-0.537752435091974,-0.053640250596785,0.632918277364742
0.214408634057467,0.520513326996175,-0.749653663760992
-0.527045892151803,-0.486870107705154,0.759625218478291
0.20856858821906,-0.497130531269321,-0.548481774818755
0.270337337173791,-0.592412079600435,-0.469077170725907
0.254928903384315,0.578184152456127,-0.477027540284837
1.02331096164176,0.899582573206676,0.2307307717671
0.11982999554577,1.00287714115875,0.813731183508364
-0.74790950734235,-1.9e-05,0.807172278589311
-0.586526894201862,0.276907212235848,-0.444377484175545
-0.409302092019921,-0.606325318003288,-0.146766174822123
-0.152892658706237,-0.671945842666471,-0.142038639695335
0.74990455914365,-0.71853140341237,0.07041825631958
0.754890225949195,-0.588196023161492,0.242455485188416
0.715327294331925,-0.699612591017664,-0.002289588483948
1.00604663881264,0.052788623685283,0.45520085688534
1.13465577016822,1.02018533977876,0.197327916341993
-0.645629061436925,1.18558514295573,0.773367748593116
-0.503959140985034,-0.678932133939569,0.382545474803003
-0.569127372982451,-0.505612844472986,0.230695021106363
0.003585116200479,-0.534673280119433,-0.361396099996553
0.852876743940427,0.588236991630553,0.368609261261942
1.21012047660077,0.128480849724034,1.05965652782781
-0.410423057735932,-0.076359493655818,0.786116371693562
-0.500311212904832,0.654088608160851,0.511567686788779
-0.759385955726712,0.930541380371206,0.196140795414149
0.138295891409133,-0.553101087620042,-0.581310547261305
0.967887577293468,0.553176200909553,0.913119979774314
0.286022193138014,0.919262948165665,0.819330921858747
0.201416514101537,0.85460270237302,0.851081003000704
-0.469110752897591,0.874807929343421,0.360061647288871
-0.571981591920207,0.84850135645212,-0.118528613426808
-0.534378473473635,0.232943738422435,-0.584172918602215
0.818600303441033,-0.653940716906311,0.279703142887753
0.916144383312334,0.006162203768309,0.881518837575094
0.18936745531971,0.566301667447993,0.760462727484695
0.921079407813663,0.895640933260738,0.002162868576591
0.96654583331277,-0.611600111536328,0.452692038990521
0.784796835700169,0.275013454871318,0.87470826727901
1.05430241904028,-0.793962154335979,0.346834646435089
0.475251558067715,0.698348389163562,-0.436637084344734
-0.446100277129869,0.692527923086066,0.278151929804389
-0.705967947363864,1.25424092352239,0.554037510904377
0.988594639193721,0.772420749774626,0.040883147888092
0.852949292119144,0.863917997326983,0.208689485879724
-0.380618082717649,-0.576953619778771,0.163517129733046
-0.589932391909549,0.35625285243051,0.86466220106677
0.107127420041627,0.924346145716521,0.864700897627758
0.124526334703028,0.767925302385186,0.762124257520183
0.128383336341957,0.914893135482411,0.671071866238555
0.931772402334493,0.870539777722098,0.090733888473997
0.781221585169367,-0.10692350675543,-0.742336064065929
-0.351254972581482,0.380556889836123,-0.653541080118436
0.888453476949749,0.844076602558978,0.243949280688467
0.953789726501189,0.568673196328247,0.54649848277183
0.8659913205268,0.046755908902923,0.878061753457733
-0.071575680754467,0.708278761785882,0.830858869333819
0.076347078290956,0.811071123480769,0.866856573963084
0.184657655403102,0.729768831767811,0.734926763660941
0.1420831130144,1.33027087749327,0.754133608959107
-0.581115247455942,0.739414918543315,0.147443973091156
0.050924247547084,-0.668794898418314,0.783176799306118
-0.50281914239279,0.026271164843655,-0.704475927322594
-0.644162632185326,0.178365121925217,-0.502669608810832
0.151294600630072,0.686115591308434,-0.428620138130444
0.25480124584392,0.615766155221572,-0.616922937661556
0.667069144158524,-0.534790689950086,0.567894228157305
0.713177839326668,0.180279897388889,-0.523454370400545
0.730991585666433,0.265056197115437,0.126811935299017
-0.594992463201328,-0.425907726549506,0.179260828253113
-0.511584940322304,-0.592878830605201,0.084127146935039
0.670875568979624,-0.696374399746661,0.262134497247904
0.213619140076131,-0.867266819313519,0.973314706320518
-0.59754158423818,0.073141326077136,0.480562965279729
0.237010516723501,-0.637236831032342,-0.570766251236246
-0.567874864708812,-0.530888414567205,0.156147138399947
-0.816765967435962,-0.123258878649073,0.641819069088753
-0.738807785234657,-0.453818002195507,0.248643692187347
-0.518108439541198,0.540979581846681,0.198742667693122
0.355911357024079,-0.656056445678568,-0.46305927858761
0.73578338614438,0.35459286440189,0.946475956046668
0.870001774130243,0.003105452235113,1.053420626188
1.06337057808091,0.042380669269048,1.14537591548154
0.461329665461891,0.902535218530646,-0.619579425521482
-0.593317898988911,0.766117999926421,0.144412267753801
0.868226404774099,0.109830726503316,0.791871180432789
0.500769509857279,0.720826418745908,0.845223661240529
-0.414080333578354,0.160552863348729,-0.539104313844478
0.209920564909352,0.840031586468607,0.787070896561939
0.19702964195383,0.695672242925953,0.497184008374884
0.18206064635519,-0.443680611185457,-0.575115691131023
0.249199245512809,-0.422643914561417,-0.649145684191832
0.246672249293613,0.998510537355496,0.628000425880062
0.780930537602414,0.270861781301881,0.649379783298724
0.29659018196012,-0.500363785455612,-0.64573265670565
-0.718187341887678,0.676339325254021,-0.082339842644944
0.14426289406742,0.71553793652055,-0.468968331945923
0.125822434157823,0.843627065096918,0.72207907055391
0.233161418529987,1.03917150216452,0.939738138111435
-0.484364743639413,-0.374191621090922,0.094386522826056
-0.503958367694524,-0.000386154427734,0.648344980592223
-0.610005126220914,0.180405917153776,0.675737755011814
0.230362649272211,-0.475464553569258,-0.658470832146205
-0.560327921385499,-0.584548977808628,0.03814584294502
-0.385204322751788,-0.392303919396135,0.399344754732676
0.815593080926882,0.978902284486911,-0.039440478318969
0.318539329413811,-0.504614284754531,-0.678029699572026
0.231030139785359,-0.442195641025669,-0.608444609702392
0.255124868551655,-0.591081990822883,-0.456889748771441
0.056677008717463,1.01677197968765,0.915189979058905
0.1972894200972,-0.589650829148355,0.730570739302575
-0.536880520883292,0.66171012796441,0.178333756715259
-0.525581925833853,-0.470798249631292,0.697883280286265
-0.521164079305217,-0.578835323359517,0.196081870576697
-0.475592146316753,-0.576274822594382,0.326928027067785
0.039535091665211,-0.768386066836691,0.511280102032521
-0.345769073562496,-0.331009639728057,0.161608285833283
0.944186696692794,0.9160067300428,0.013066057372898
0.145009181744801,-0.675373066191756,0.77551389109509
0.149783296246221,-0.681426838561906,0.79919666113539
0.291114726685937,-0.582444310815278,0.833162800346777
0.702608491470782,-0.54811342349491,0.744544006446584
0.989424221283765,0.491441913386763,0.040673253724792
0.786156285865053,0.682098027822865,0.162355789316511
0.156415144309713,1.03296532730085,0.995280731432137
0.216805497841178,0.980174310419511,0.795843868687538
0.910212889634383,0.778671500623614,0.354816673392409
0.55645082859315,0.960345344428885,0.765118165961518
0.740403491857937,-0.41451948615374,-0.596734872587005
0.153148786337956,-0.520169276928798,-0.67409104373275
0.098893471647445,-0.437344049322186,0.563729746102315
0.568765570334096,-0.5959184106093,0.277830232342482
0.461732615669444,-0.316451863881582,-0.713935809863768
-0.440411732538861,-0.612370135757306,0.285413474581631
0.171900757119355,-0.612536874753581,-0.549128986399661
0.105941440765998,0.948595975960186,1.02222911450372
0.0383619262259,1.06340328236041,0.620227373633149
0.4867884781437,0.318611570224559,0.704049426315178
0.118701984385563,0.915242332719727,0.954825914245524
0.191533818402189,0.702061062181515,0.729759629361633
0.261551484167864,0.660680823228297,-0.462475942696933
-0.64257497348471,0.731611561566992,0.057842255972865
0.347105503300773,0.75730217206611,0.846929095732421
-0.00340582827331,0.789663977631232,0.921136507917022
0.759115504522414,-0.564260059805631,0.139456307286875
-0.026018632934186,1.0045019435168,0.974010395258862
-0.648047734845215,0.098228252776068,0.652600881065604
0.383861499583527,0.983640839383716,1.29186175753036
0.407679223829633,0.953853835770845,-0.609680199862396
0.50806497615362,1.12570405159565,-0.643182079505067
0.882482337320882,-0.423882862384877,-0.054155253773327
0.182759677722852,0.518686117432157,-0.595926828972309
0.29963491108549,-0.760209655085636,0.988703295100458
0.306448662464378,-0.624317453130075,0.947437903437899
0.119493515474254,0.783184414403996,-0.525896986268667
0.929523316001483,0.750879885112222,0.197080386006395
0.103535717689321,0.82754617303926,0.708335568919736
-0.01237530337871,0.949535513894338,1.02239286244218
0.173971183206615,-0.599859411979012,0.574437483136069
0.017213369051047,-0.559183683514654,0.709747098791238
0.278749258892737,-0.677541569332057,0.849460455264724
-0.203169740449061,0.686731639154146,-0.197016829425513
-0.57242652676573,0.88680303524976,0.393355789904392
0.84749480698288,0.261125433184141,-0.791748825445922
0.898742410472485,0.144064860839654,-0.754367235769985
0.942037761533136,0.011454110503522,0.968217619657937
0.333673739429077,0.868296754920206,-0.508797076192262
-0.71361584623316,-0.428468011586569,0.276213345195712
0.778705752897172,-0.627807355689589,0.105047433285033
0.76256824747534,-0.49983067079945,0.275724028062093
-0.402854762975249,-0.580810411501834,0.09870099289141
-0.624260532126262,-0.492678979258872,0.199067794858774
-0.616094912071707,0.876156160236605,0.095416796436912
-0.680747712077983,0.17010387043054,-0.527881206594036
-0.68962394775449,0.239432221305461,-0.428587891722533
-0.460025078532835,0.199116865403226,-0.504639170823641
-0.525476549453664,0.798150626229831,0.278368913501362
-0.572247703628004,0.047009294898638,-0.504894023429009
-0.449933636813385,0.265633745467248,-0.592416342090939
-0.619896484709884,0.289203845118793,0.749295041429014
-0.478584580251282,0.19066369085848,0.704792405290149
0.423831223048702,-0.321081299175162,-0.484071993958141
0.970666662986555,0.913541945941403,-0.54957072042972
0.602185902039523,0.20758678991307,-0.580761115714799
-0.108355525419224,-0.5997700480763,-0.220644313201893
-0.451184714560332,0.736904504400225,0.283104981373315
0.199423051221923,-0.597296471528852,-0.550325051366332
0.194411744714785,-0.590120155431929,-0.414325948456454
0.839917328098797,0.717241829696361,0.106645608106748
0.97912392309131,0.934665151900709,0.335316806220876
0.023568172566,0.878540484658654,-0.6215333069906
0.025956703715193,0.866210984861052,0.889654733813876
-0.73852221634318,0.748751473787538,0.08899510638674
-0.769545513045457,0.627875435835265,0.171530156679785
-0.627225941829249,0.761902120238063,0.235711708133067
0.374085267241815,0.646330827730753,-0.106845990613213
-0.57740328684769,0.335662540197243,-0.602595464162657
-0.385318239695499,0.443683830052803,-0.583281477644708
-0.452549501522769,0.10459605756865,0.582289401462048
0.160853763493986,0.942975928228767,1.067379338712
0.164940910842622,0.726536232810036,0.993974390132199
-0.591545617843704,0.963832428118016,0.412560724394758
0.740750487575867,-0.67639312986535,0.21804892544311
-0.601045490880963,0.396265992532369,0.902915744709294
0.482729792434395,-0.384050879233194,0.46465444205579
-0.558268851946947,-0.030696461707759,-0.559451512654344
0.116966792716944,0.843586943611357,0.718210138683991
0.388769395103064,1.02264681860522,0.90135957775977
-0.718111242376829,0.810546886340239,0.017804401940524
0.137566898897793,0.826443240974852,0.843716401575645
-0.59941064346253,-0.020551615038293,-0.491600372620708
-0.530137500606963,0.124320477971716,0.588627688664126
-0.615162178658126,0.143454860186641,0.563586249385782
-0.627162708865115,0.069037963614155,0.703940624672572
0.052524661200169,0.841580588131346,0.849155784745077
-0.464420922799687,0.007559114319244,0.712360573796041
-0.720762877228411,0.606831342536684,-0.185022610334921
-0.658201584697064,0.893583442213473,0.15738364059378
0.14596269932842,0.838380558300857,-0.662038128807087
-0.515912869829583,0.819003367828387,0.2941969999529
-0.627013290142933,0.742541053686189,0.154057333944386
0.193977775434006,-0.572075797584303,0.726247643170147
0.311595945146001,-0.447455919062863,0.732566560077286
0.254165005913156,-0.596464582011823,0.785130124081718
0.316866999794557,0.986716004839853,0.045060207571658
0.621901218095105,0.179030352801259,0.733367409698726
-0.169560992714011,-0.481453656337288,-0.647944106794368
-0.742705798407678,0.17774877299807,0.775240790961031
-0.655030583174215,0.140838164220396,0.627663757141003
-0.618319259192149,-0.043915047722951,0.841562361489279
-0.606049027276568,0.27876548495538,0.899503690238512
1.08641825070966,0.229418330918261,0.980727939024394
0.747288424225719,0.281657942103109,-0.452250448854208
1.03977126996933,0.393353213786745,-0.594341827822498
0.770083592107522,0.15357551976981,-0.545219084592562
0.783827831251386,0.31769136810268,-0.548490551778199
-0.387198160147934,0.770808631426982,0.523156923695508
-0.070422312897019,-0.633196579182423,0.013526513696171
0.125563409231032,-0.681969610127553,-0.55972036364875
0.541170061883795,-0.478058710381257,0.318652493290604
0.710024033195389,-0.622396677951412,0.104666982407449
-0.439023343712508,-0.50610798166918,0.193403663985342
-0.522643033452224,0.915250830504079,0.077010627038703
0.903468103465087,0.81964178242342,0.364068318479271
0.798599989964914,0.824539392077524,-0.090707720788236
0.166642688639453,-0.56484230713482,-0.507096446548894
0.802328190454805,0.232249819283992,-0.583545833818545
0.833178279099742,0.130855612125593,0.843436193675083
-0.560049955514635,0.200995165762918,0.764491074238259
-0.612403665919559,0.785557811488458,0.14814219976073
-0.606682898248191,-0.605243230632689,0.107646457427516
-0.439964708085266,-0.385342849843988,0.08423111286654
-0.541117104466153,0.021132510436833,-0.597124777563441
-0.531923845072253,-0.469730116798525,0.179991314489287
0.236065749979299,-0.595865577479906,-0.460760241384243
-0.431790834240617,-0.661854230710183,-0.485576550658518
-0.494746946769802,0.665249816116252,0.393833990161698
-0.468387140343531,-0.734083429768535,0.144072126565562
1.19394167907478,-0.587725079825575,0.37792357726137
0.911515309783866,-0.692973513446109,0.410710530573912
0.267281744574778,-0.718762083056678,-0.434439715647532
-0.518876017468044,-0.618363155782546,0.266174122974063
-0.56539269633275,0.208332471079517,0.814341334840248
-0.570123013719455,0.311730320302363,0.734250150167123
0.881585869561302,0.496318369257989,0.27184290960021
-0.743756954110453,0.907222467713989,-0.085160973915845
0.190648289952279,0.768823943709246,0.543508480012126
0.218082766648552,0.743222405171851,0.900857514801784
0.175953094717285,0.755222249828329,-0.558510671482067
0.237560675858785,-0.663438420860136,-0.458243508765306
0.217210624006696,-0.657909040255234,-0.538956214347173
0.082837146403368,0.925405845076736,0.828434163193963
-0.507464837865836,0.225297159369467,0.734307201175922
1.06357625124184,1.04821151803501,-0.047041791371027
0.833739282684436,0.854863466510289,0.04417332448044
0.302752020728902,-0.544517435472868,0.871338322816801
0.294581251082068,-0.436595314344132,0.680074903035879
0.240921006801583,-0.598258345616451,0.785728472580192
0.201825393429809,0.634499483058074,-0.708349369822449
0.405875352675417,0.831351888627697,-0.494247410669536
-0.640320480828512,-0.584261845469396,-0.051413362462453
-0.665908488164816,0.095228392030493,0.749955322567631
-0.639935839766188,0.1050902304673,0.613914810927265
-0.561637145766028,0.142964416500706,0.717770013693347
-0.634631546779454,0.071874440560065,0.908146384433093
0.106241785019301,0.759526156472333,0.79225768083076
0.051743272927012,0.946969106479996,1.06315702010548
0.107972074291328,0.77015018778547,0.841436594170674
0.281144237601822,0.634035882097191,0.681270104238071
0.993116233734924,1.01202145621936,0.46975140697993
-0.678110922509738,0.31676667001702,0.838346676518399
0.81423828186423,0.090090922988704,0.857541217468994
0.126384101981633,-0.547311321725932,0.626157163525394
0.605255901552649,-0.058541253178859,0.932371614565996
0.724892219919657,0.032040213352951,1.03390461095336
0.060229302468115,-0.327725403894672,0.64571765963834
0.336414074565053,-0.536424154406742,0.760687797888218
0.277991325075122,-0.494561740075687,0.635308090815354
0.375595704332147,-0.494489855340445,-0.421019375779877
0.209661474716921,-0.694723718453526,0.777067648857773
0.9259829286239,-0.589125000158953,1.14138120034611
0.752486376673019,-0.472742572593838,-0.110376893461356
0.608923882692478,-0.493984199109683,0.206150905580544
0.898227055895562,0.687136351239805,0.213799048123341
1.00110974776128,0.428531777196036,0.919129493256544
-0.424275584997168,-0.616687149715502,0.714311605385204
0.79678106948401,-0.50701680091151,0.024970289916402
0.7579550424863,-0.70158255952845,0.113727745835568
0.087449337275711,0.693577022257868,-0.612617564330598
0.065203584859347,0.615361675649142,0.84696446902761
-0.463134284098212,-0.562428918798416,0.153269633948215
0.800363339660676,0.78113926793948,-0.791331822577315
0.859230929266179,-0.024379595148364,-0.805365821531652
0.954665956428638,-0.279089507867489,0.161728404148841
1.15302516550062,0.084978690320008,1.07473387996014
0.72777059992319,-0.349825687081856,0.270498877966099
0.250403273528468,-0.421057040243265,0.632865805071728
-0.47634616626499,0.254335124691119,0.4979429104722
0.007733857079985,0.913301207940636,0.958908068890214
-0.624205173433867,0.614291414595918,0.21941308310613
0.912014125767005,0.876035757014953,0.032070848386299
0.965874992179634,1.00499031540411,0.272199925543299
0.794136795127536,0.850429435080173,-0.108132141551945
-0.07065552785566,0.894946962039054,-0.825320710808763
0.649010065460427,0.931120490510212,0.002570695738023
-0.60302832477993,0.291444448818618,0.53141346274488
0.791869974722523,-0.589685373720413,0.099671075224575
0.869196823600391,0.029003670934654,0.878809060052038
1.11614882549405,0.060255398713096,1.00046269058501
-0.626150149402768,-0.064088628839729,0.04981575436394
0.186347633817234,-0.685443295115135,0.705095751847448
0.061034973920473,-0.707584013178257,0.734750983039535
-0.13045313753385,-0.713349138685843,0.765273091705649
0.346345001090481,0.650152104272474,0.702669605995881
-0.003073530299732,-0.813188599886065,0.814290610987638
-0.070773166820464,0.681050742746828,-0.775013612070234
-0.415168904951766,-0.673166372752357,0.2482444439395
-0.554275424498464,0.192173543276014,-0.553035409748191
-0.486866187926989,0.118774558143938,-0.595700365908562
0.119112678253577,0.738004496189082,0.835099403222989
0.681230965936574,-0.581510975172558,0.217003748722486
0.87475810940971,-0.599366103597591,0.403801400615725
0.917657563426694,-0.654278908501985,0.594238142566365
1.01384627501517,-0.949465691307805,0.193223373667999
0.993549079579402,0.351074363719059,1.01723877834668
-0.863364642086349,-0.04768093772531,1.1198917685652
0.291820135989022,0.904718236117395,1.11498815264471
-0.625096427842452,0.967174945223756,0.545084364054363
-0.57166217097075,0.042095672026714,-0.628106114657592
-0.484915470160362,-0.037656536675042,-0.48825315883907
0.933119216158309,-0.619759303996572,0.211641720778419
0.810205093896995,0.140418087613983,-0.703467597879135
0.165803464973837,-0.270029461435598,-0.380013041149729
0.029358348900346,0.93404545714975,0.951398740016883
0.202209570497876,0.729557035033683,0.980367272473233
0.626921648998717,0.316030698313872,0.602996599671036
0.831972203240139,0.26824422696691,-0.520589086943615
0.718334102236333,0.215132741198382,-0.558182257021383
0.262409000189249,0.860225351243212,-0.590943244804438
0.955257706166268,0.377817264095963,-0.774614419325931
-0.555883707477699,0.096805305236436,-0.567691104296236
0.776093042699939,0.698766293908906,0.160428298014286
0.855451745096302,-0.820692834933706,0.052911593683852
-0.456469221673403,0.518176678166697,0.196758045409961
-0.639765206403623,-0.445827752875579,0.225921539183159
0.234415674801535,0.538261055539795,-0.665167483083121
0.182307709493168,-0.656823245513319,0.78229530818497
1.07074225818881,0.43301840878944,-0.685225852995831
-0.464986263673669,0.368418086980963,0.555342277408973
0.519551392593685,0.722619427965274,0.954067851325176
-0.474515847833413,-0.715059467444337,0.129773186889797
0.203962181041032,-0.43624539070099,-0.611997594763379
0.278059533595803,-0.478870661108127,-0.71719442829432
-0.606332672251937,0.851972752854278,-0.587166900630356
-0.156879607236203,0.669386945346383,0.242888595083324
0.259198131093929,-0.40869543721602,-0.689559632434063
0.199973200800347,-0.480856250288624,-0.657200850126708
0.245302376793819,-0.476940939383118,-0.646129236040647
0.752282173631402,-0.536733095103724,0.197380340813031
0.655066395627985,-0.094031681803125,-0.708593358210338
-0.379957705098455,0.330322801798544,-0.576307184369859
-0.516238906551683,0.067961836732488,0.780157359923741
-0.471748230699748,0.214657233956486,-0.682360346074874
0.874957450427153,0.033390125448528,0.921522326444405
-0.681961058178489,0.468165470665619,0.002937829372266
0.518958396106669,-0.526117745665781,0.889697258681765
0.214992565209354,-0.802554935448218,0.634268150124343
0.063057568975373,-0.790812815810858,0.910735033397361
0.172884250844349,-0.442797230889395,-0.654927302493426
0.176391016258551,-0.454841942231206,-0.589800874769859
-0.485850987558377,0.282674848068794,0.722182524072295
-0.493408033127702,-0.641725503228342,0.203201888219111
-0.417537086707345,-0.62225561752902,0.174207254880123
-0.449628391001553,-0.701576849361422,0.13330885378504
0.353209726448827,-0.56944213875662,-0.673077777216519
0.805762292518542,0.325064447747064,0.559386675476267
0.696575621086971,0.246930824153085,0.737928397142573
0.139409787170037,-0.750779222329343,0.961667042398748
0.437132027549968,-0.601455458036383,1.05492464129779
0.528878163912118,0.860824444447066,1.11724953139632
-0.438903789482432,0.594017687807998,0.686348391109914
0.498082010322871,-0.532171397948214,0.170448617247348
-0.611159246312744,0.165992934752736,0.621936380058664
1.15050741395486,0.41006221765556,1.15387329958423
0.046456136694197,0.955881874302982,0.965933049254685
-0.706086639421023,-0.391939103746751,0.170867436064691
-0.584683556669591,-0.472369016022805,0.134542282758731
-0.582768516569167,0.580314840609317,0.219423312719543
0.315072118543038,0.525327166869712,-0.71672200407332
0.164141521982731,-0.61653489789738,-0.479335632048874
0.646969994209623,0.344905448651607,0.739461327270673
0.852607096011308,0.743249610516706,0.072813967681924
0.943324323841847,0.925919239465193,0.057805100580018
0.232814449569624,0.776691620799183,1.10212698309632
-0.531278370100834,0.173664650134739,0.570926534510549
0.3233339110658,0.751815609107897,0.835741056275558
0.160290414580754,-0.607849044909834,-0.554157052628019
0.255074215647655,-0.661594175034848,-0.46662793913421
0.803704014943307,0.097714273646396,0.948198226505153
0.03915634118083,0.919580182058955,0.886120541643087
0.462833497983669,0.752606949094564,0.904187087918613
0.765369432925827,0.247202163742149,0.896419691130988
0.973591268023117,0.210309927348043,1.05555180824915
-0.417796890461953,0.482173498680503,-0.234216344480666
0.352821526351101,0.75112277873834,-0.358985222791581
-0.50122074208113,0.882276526846358,0.350303611928486
0.732356351391753,0.958480681628876,-0.04158822291436
0.101516556764174,0.710665447896055,0.825779364038225
-0.466561827100186,-0.532708826105937,0.0989508993403
-0.630578833558389,-0.02681889370678,-0.527902113031615
0.185046384631693,-0.32914909411434,-0.224151502520209
0.228277200492425,-0.3897131361231,0.666557927452355
0.221611054953362,-0.477124887130728,0.690315720843839
0.225987874013219,0.909850274766026,1.03738850268496
-0.47785473651511,0.168911610585084,-0.630619364282004
-0.330904207255827,0.267144842950112,-0.641753204034751
0.901405797425746,0.304298180417043,0.832466216233294
0.948990977951782,0.065145540854639,0.803418429249826
1.03020768672407,0.969979172576053,0.237197309918882
0.219599056494725,0.585104553959243,-0.551798266548718
-0.559501583286183,0.498525295347386,1.01558171066114
-0.498421237485672,0.207074367102823,0.761987261556627
-0.6645996982826,0.478991046581859,0.890318593529645
0.208647322059141,0.902124664339088,0.082359382481332
-0.695282784774205,0.271849336030102,0.785148275698935
-0.747449024471396,0.784910556151542,-0.129037495980495
-0.516711766364705,0.616928921133269,0.156074835776783
-0.587035809805717,0.651085245474711,0.188059836867086
-0.576946528425459,0.528826334550406,0.154079373660222
0.987269833349006,0.605598825744211,0.334434065840881
0.733294269190292,0.173254588770638,-0.517543011418977
0.417628271346228,-0.386276462610452,-0.573776098539985
0.102207592661398,-0.526531961909207,0.674040746470099
-0.439423587885365,0.233145768043901,0.725514120145133
-0.713915304063608,0.696129217760876,0.281053041599227
-0.424912501341704,-0.363509561233082,0.441250846504657
-0.601783571700056,0.215457667031451,-0.596993679373104
-0.482849980773871,0.139277679834658,-0.542907945065936
0.765490279423557,-0.618167615775459,0.951724572280461
-0.853600494144135,-0.106344636517983,0.699997260406931
0.659209254725095,0.385014742106684,0.612546475996415
-0.255934246320373,0.177294904851456,-0.34831181944713
-0.508979237031487,-0.471453731016521,0.29476344767998
0.96808620839921,0.390350925263904,-0.593599560472997
0.140237052553177,-0.665244828551642,-0.52708024793461
0.665318302388012,0.4572580612408,0.416073282419116
-0.079832806968297,0.235884441336924,0.854323342855599
-0.611126531697337,0.085945169929392,0.663105481726306
0.691152163411033,0.959977651589571,1.27217271455234
0.37408460315316,0.763709038144397,0.844640131896985
-0.519696617311379,0.799438305647909,0.30415642409664
0.00342063313788,0.302040792984813,-0.703180812747543
0.030175452542281,0.665029576048033,-0.577504443445036
0.420585817744065,0.902151749235502,0.794524981931721
-0.669797622512653,1.01311178237038,0.385986941737991
0.131945895539376,-0.395007922439134,0.768393413507719
-0.688153816527305,0.646822942420291,0.158791454034912
0.238571863553842,0.294242217931748,0.720168512796676
0.140152080970644,0.544252782310465,-0.612083394068504
-0.564824361521876,0.043103524684199,-0.61082725890145
-0.725274926715063,0.346015893058493,0.518451434284248
-0.595033059876858,-0.574772279074755,0.13428832345329
0.88924647362542,0.880721711827544,-0.003783112558822
0.104894810574082,0.854258136336408,-0.609446966469119
0.02807673337959,0.886959815497634,-0.730193764580081
0.162868019799138,-0.665427389221143,0.569165916123654
0.02762936157307,-0.594823399130014,0.756090664069688
0.961554878902025,0.841505914497019,0.103266005910059
0.979985931603354,0.141585311781036,1.13655922444195
0.755875568056394,0.257008703761038,0.983406214264656
0.717680767163286,0.14191286999633,-0.610458415198116
0.617824285219489,-0.612185404399798,0.131312161572442
0.771249073192947,0.027692036001793,-0.714259508888803
0.271937753078645,0.773153465577764,-0.531101465155373
0.054273839525761,0.789949962593179,0.85051523106144
0.168413906895252,0.789288749306257,0.745054652427589
0.315207776091913,0.811295311729829,0.893492984732186
0.307254285017891,0.708664216919683,0.606451134530204
-0.09282862744813,0.174405840121259,0.880865805311673
0.16707444900126,-0.556659783896673,-0.656283014700704
0.279085628940323,1.02814362819391,-0.645873344635193
-0.491668842393851,0.127760609144396,-0.540985747543105
-0.496682503272266,0.012423216688104,-0.533957214628612
-0.789695594858713,0.217336118883355,0.90395979183356
0.311201163464185,0.763888781362106,-0.494217170427847
0.154058378324965,0.787518421995703,-0.701035461105504
0.020547595255678,0.868371459046798,-0.332993451119188
0.447057139634363,0.713690651642269,-0.458028477760154
0.187037367007049,0.824762187620094,-0.610051005929172
-0.671817626627728,0.547101728100664,0.23287689784601
0.977075155671817,0.889358515551709,0.899681616086502
0.904932134952398,-0.089362410661829,-0.744166234899059
0.247975422515771,-0.654403537207148,-0.482117244202096
0.789660402710255,0.990896790885673,0.327169363822557
0.803780221110152,0.322205714839729,0.103533427155118
-0.519604055975378,0.149307513819575,-0.544778453545547
-0.438290723392658,-0.469622471231594,-0.345020847428152
0.628871166855861,0.253175977523197,-0.515922717342259
0.16110817214073,-0.663712076529705,-0.42908843338223
-0.004633980089887,-0.537966149055655,-0.6027702215942
0.234906548432822,0.756669180766947,-0.661506164230132
0.268725644009409,0.658473160028159,-0.577855751217513
0.329429656960186,0.697301352691829,-0.563642492148916
0.847240637566794,0.373058619072708,-0.598780769659322
0.896674515641723,0.376208538997412,-0.678085109979558
0.96807772394294,0.895427454265755,0.481913088855637
0.134996767741952,0.432465197964226,0.805098957500066
-0.681072129050821,-0.042737559224593,0.787247053682286
0.237851091669902,0.852170821154992,0.666337899041982
-0.552156724841543,-0.70679799132664,0.147655446086778
-0.539687284188903,0.806956860266197,0.407918193992769
-0.549789609234878,0.926770520580928,0.381171239457777
0.544136021028137,-0.356813722702623,-0.61320255725075
-0.554437277023033,0.531683182530045,0.139214790235966
-0.60705918770889,0.570765135941572,0.116445303983402
0.546000325126543,0.372463233494701,-0.122439171432938
-0.68025288748087,0.85401393713826,0.285456046672129
0.209833679825976,-0.614453899700474,0.686410093514795
0.188207210621698,-0.519844359843898,-0.631139918183585
0.256269671859079,-0.435062153221492,-0.683672802268998
1.27120608587173,1.12457178526669,0.487755449611915
0.845811308781639,0.770768898564266,0.117282274078096
0.084421573148876,0.81918688421299,0.725829520332664
-0.619211551970401,-0.591309012600382,0.033465359608026
-0.493839577111352,0.218771997556957,-0.567965214033189
-0.571961721236491,-0.492720308865338,0.239646091247018
-0.703880048529581,-0.428476065883284,0.282531682320056
0.259885419246134,-0.472039585918262,0.674593284878569
-0.528807896585781,0.681590391628089,0.187735695629376
0.051588171054983,0.820454001871941,0.867993609928979
0.097012915678986,0.771607349700532,0.89238543945523
0.642692364424162,0.246532657452941,0.730825480534079
-0.594810101359874,0.615424367511849,0.178309991747528
0.384786512283216,1.05470816865363,0.917783473858578
0.969132799267273,0.99508137738125,0.117063102944758
0.696019899755219,-0.447707861907373,0.259376828425423
1.10043835405571,0.953299233154944,0.328459042070453
0.900166059599895,0.719380308987868,0.188803450830032
0.98450803456969,0.634521936007712,0.328456898997521
0.285823558146559,-0.694344634085682,0.752688426518409
0.161073728581623,-0.537265336121429,-0.70720527529974
0.039045916820971,-0.642715297869776,-0.541286483731343
-0.099698233270385,-0.647645766827788,-0.662800804986844
0.841982928511915,0.921247385294089,-0.091789769129481
-0.539443996042159,0.677159281975927,0.425248490966611
1.05386259268294,-0.59745528040384,0.448106077578629
0.586575915315355,-0.559059928394616,0.158635112052671
-0.284581327764043,0.021425337426741,-0.459971838541563
0.898987638130975,-0.786739839215562,0.334471296508208
0.109939607812732,-0.558043832917361,0.612221379107612
-0.460741199292352,-0.337056943470042,0.15285708091328
0.446806158591291,1.01208956124938,-0.637337258165959
0.614560825912555,1.1154333846031,0.098620884696902
0.060340262323278,-0.57627011839965,-0.547963641359665
0.113474680723487,0.824360892833594,-0.527377126490324
1.27141663602606,1.08634650074322,0.227641720166703
0.914702919558814,0.759228287296034,0.04131445336033
-0.608074207713486,0.896330166656865,0.412786962625511
-0.710645622965606,0.815977065766355,-0.08394461557498
0.295113496404062,-0.538655868142174,0.8030891061222
0.896331547831839,0.167531121673014,1.06025798455305
0.841251357786644,-0.756400289315646,0.234121230865195
0.123387277536568,-0.662534701426084,0.655318711722083
0.896287473792489,-0.57600118325726,0.420255887113937
-0.668636563797941,0.242082706505838,0.848637002427176
0.840528586530174,0.25128284663064,-0.603966994784968
-0.018938218153813,-0.183722703313257,-0.413495609109318
0.180017380827447,-0.516422588930725,-0.543953043907387
-0.554275003116523,0.084807926109094,-0.614526715123632
-0.008024625979845,0.941547887708397,0.196749025453576
0.482602800230652,0.133537988611294,-0.808222247207514
0.085736250365968,-0.754908546219332,0.718013135996107
-0.551318259565881,0.138973137836927,-0.66881161394065
0.73776554042175,0.835711897758569,0.082863813189246
0.876842221374488,0.683849151174259,0.200953831089426
0.179112080089646,-0.60937591916633,0.741095112653555
0.593883240436192,-0.757176521504138,1.33390828541364
-0.4979876579606,0.138524951542387,-0.568664518821526
-0.332579900863431,0.237287474470923,-0.663779574844027
-0.570018150370179,-0.482010537349696,0.270426059141742
-0.613298385648299,-0.556659268636775,0.062679835340198
-0.476110950159928,-0.620003895589901,-0.015913342017128
0.955727941766173,0.211836854249984,0.950646462715048
0.221742596732642,-0.493703974903996,0.765284279685667
-0.565740805375219,0.413491100210924,0.45337556065446
-0.800029196984517,0.240887227767133,0.928919489776262
-0.697546441119152,0.807895797414733,0.152986827792644
-0.554097194811341,-0.563819855236665,0.143353840231147
-0.624088259205271,0.260002398735032,-0.581852382910819
-0.478709861070622,0.218772118071195,-0.374917750742634
-0.509285168487373,0.192655656611737,-0.419347897450776
-0.470438015982819,0.062412876625961,-0.51632869755342
-0.593448876415818,0.690410267470451,0.263730153333194
0.15945955392853,-0.517056982086006,-0.55419816116904
0.199002927492125,-0.527075472966705,-0.660408175970525
-0.05868874319793,0.712943296300258,-0.57931139781137
0.18537863853681,0.636772777034081,-0.726005087327449
-0.52380951381076,-0.0142670095962,-0.537680842455154
-0.559566002742729,0.12647855212407,-0.606113448913397
0.011319300123143,-0.607598933974498,-0.568480060892154
0.159790396172343,-0.496499229870861,-0.663700544878112
0.278012982537847,0.039979444512272,-0.586539468925694
-0.828380865858578,0.003314713568734,0.900349617192538
-0.616781250707582,0.659867940234962,0.20335544983076
-0.165111248300908,0.749596441229557,0.534697659264357
0.826825988587393,0.73406861240277,0.199932955610347
0.025314398382818,0.934868343619056,0.91703112815065
0.287199824033077,-0.796170494395984,0.983333352544912
-0.542393650107877,0.2606163320795,0.593881247036766
1.06082865075522,-0.01009136775881,0.973611154318477
0.759885998768309,0.161077999206453,0.708816628533851
0.209404016581683,0.751781487875117,0.605692739403794
0.396436406321708,0.765716757161756,0.830029995212696
-0.450404060752121,0.279276906580325,0.738972771225616
-0.590769497934465,-0.546584890500671,-0.027990065991978
-0.445607185471661,-0.022315735723121,0.556556840484294
-0.702490032519078,-0.001574720074965,0.728767249296755
0.847772417208926,0.051949505603042,0.850902911930748
0.861715686638934,-0.785137250854885,0.065372015100118
0.247220804516968,0.834075906414871,-0.570159992596338
-0.542661187687979,-0.453482042600477,0.235255192941713
-0.031169732070285,1.12731449125431,0.907845012064162
-0.633543015527806,-0.0504206830159,-0.577256739115574
-0.486026438904448,0.198948893726879,-0.578931540276797
-0.708298778932721,0.690223051727177,0.183662988335037
-0.021129271801374,0.927754597346852,-0.258139155924814
-0.432880329519638,0.196581506790111,-0.615453063633845
-0.502315678069586,0.171090259352731,-0.648069407174455
0.066329236806403,0.858130190590441,0.839347790368874
-0.039636070714072,-0.715537842024599,0.788605904925033
0.033102251056909,-0.522364103259285,0.71151334894202
-0.647103200710255,0.567905747490703,0.1589309009383
-0.625597150176905,0.878194170797467,0.146715552784912
-0.424565870535388,0.320211900057581,-0.629423119878479
0.75583671727155,0.233389969115626,0.688109276943732
0.979257473488952,0.751321822218906,0.528627921358649
0.204646813347641,-0.597368864872293,0.789654008789674
1.05254834136928,-0.706010328244363,0.306608809623024
0.174902027233653,-0.533558205671662,0.748632064366159
0.317002615210464,-0.439871835608699,0.690746661564655
0.214825654832386,-0.685081135460671,0.850067176625865
0.369712483777683,0.89692753148126,-0.001733615497706
-0.057290528108028,0.655206402849991,0.286463738206137
-0.748702797992771,0.879852121407211,0.232398217237901
-0.50640721385154,0.896263568714525,0.492927587356174
-0.495214208699162,0.745257554282105,0.347296038383373
-0.498502284187773,0.104682986984375,-0.598730413404467
-0.761411221540552,0.238693513245833,0.865819208996711
-0.483038398148751,-0.636065154064792,0.179842201356187
-0.451130045060019,-0.435503650968209,0.090234918280151
-0.562999617689975,-0.604830916376679,0.152908856505126
-0.437926108945363,-0.625680331200655,0.231290702543782
0.847282296717603,-0.739605352978518,-0.084637357502832
0.738505449045113,-0.565170127882858,0.280271349296613
0.142323823880319,-0.575946355753241,-0.66407473433707
0.726099285191065,-0.609671909638505,0.166343235263935
-0.599201016730413,-0.58316029333148,0.16948048264063
0.738151994475856,0.893627549569426,0.336556990408461
0.884598355265437,-0.584181485071207,0.258518901997594
0.962134204592778,-0.132783163866613,0.62567069812757
0.091417604098515,-0.712495711279568,0.703678725838385
0.224910205291663,0.662229412598791,-0.576374793773558
0.716973496763793,1.16592281332211,0.25953209057908
0.33329643713991,1.05544537450435,0.814842536189137
-0.580527103817965,-0.519767626957969,0.216505162497153
-0.587656029320141,-0.513342000926717,0.233028834360537
0.88724949434935,0.781494749357217,0.141030279149863
-0.628131706079075,-0.530006895295829,0.109313956645398
0.312481618552145,-0.710028595130279,0.590947117729425
0.746006155341459,-0.661871782147696,0.16334354240311
0.784333294055998,-0.643150105084982,0.120909398680542
-0.46069736220284,0.130916934746242,-0.57735704108611
-0.534544592721002,0.313135517434835,-0.687776391524282
-0.46730886228192,0.751299460734255,-0.607361657824026
0.433503763044066,1.13277498523482,0.9499041799908
0.671534723010105,-0.572354042647929,-0.283436276789505
